{"__meta":{"schema_version":3,"schema_name":"GLMModelV3","schema_type":"GLMModel"},"model_id":{"__meta":{"schema_version":3,"schema_name":"ModelKeyV3","schema_type":"Key<Model>"},"name":"GLM_model_python_1550180903174_1","type":"Key<Model>","URL":"/3/Models/GLM_model_python_1550180903174_1"},"algo":"glm","algo_full_name":"Generalized Linear Modeling","response_column_name":"C5","data_frame":{"__meta":{"schema_version":3,"schema_name":"FrameKeyV3","schema_type":"Key<Frame>"},"name":"py_3_sid_812d","type":"Key<Frame>","URL":"/3/Frames/py_3_sid_812d"},"timestamp":0,"have_pojo":true,"have_mojo":true,"algo":"glm","algo_full_name":"Generalized Linear Modeling","model_id":{"__meta":{"schema_version":3,"schema_name":"ModelKeyV3","schema_type":"Key<Model>"},"name":"GLM_model_python_1550180903174_1","type":"Key<Model>","URL":"/3/Models/GLM_model_python_1550180903174_1"},"parameters":[{"__meta":{"schema_version":3,"schema_name":"ModelParameterSchemaV3","schema_type":"Iced"},"name":"model_id","label":"model_id","help":"Destination id for this model; auto-generated if not specified.","required":false,"type":"Key<Model>","default_value":null,"actual_value":{"__meta":{"schema_version":3,"schema_name":"ModelKeyV3","schema_type":"Key<Model>"},"name":"GLM_model_python_1550180903174_1","type":"Key<Model>","URL":"/3/Models/GLM_model_python_1550180903174_1"},"level":"critical","values":[],"is_member_of_frames":[],"is_mutually_exclusive_with":[],"gridable":false},{"__meta":{"schema_version":3,"schema_name":"ModelParameterSchemaV3","schema_type":"Iced"},"name":"training_frame","label":"training_frame","help":"Id of the training data frame.","required":false,"type":"Key<Frame>","default_value":null,"actual_value":{"__meta":{"schema_version":3,"schema_name":"FrameKeyV3","schema_type":"Key<Frame>"},"name":"py_3_sid_812d","type":"Key<Frame>","URL":"/3/Frames/py_3_sid_812d"},"level":"critical","values":[],"is_member_of_frames":[],"is_mutually_exclusive_with":[],"gridable":false},{"__meta":{"schema_version":3,"schema_name":"ModelParameterSchemaV3","schema_type":"Iced"},"name":"validation_frame","label":"validation_frame","help":"Id of the validation data frame.","required":false,"type":"Key<Frame>","default_value":null,"actual_value":{"__meta":{"schema_version":3,"schema_name":"FrameKeyV3","schema_type":"Key<Frame>"},"name":"py_4_sid_812d","type":"Key<Frame>","URL":"/3/Frames/py_4_sid_812d"},"level":"critical","values":[],"is_member_of_frames":[],"is_mutually_exclusive_with":[],"gridable":true},{"__meta":{"schema_version":3,"schema_name":"ModelParameterSchemaV3","schema_type":"Iced"},"name":"nfolds","label":"nfolds","help":"Number of folds for K-fold cross-validation (0 to disable or >= 2).","required":false,"type":"int","default_value":0,"actual_value":0,"level":"critical","values":[],"is_member_of_frames":[],"is_mutually_exclusive_with":[],"gridable":false},{"__meta":{"schema_version":3,"schema_name":"ModelParameterSchemaV3","schema_type":"Iced"},"name":"seed","label":"seed","help":"Seed for pseudo random number generator (if applicable)","required":false,"type":"long","default_value":-1,"actual_value":-2756953344849758859,"level":"critical","values":[],"is_member_of_frames":[],"is_mutually_exclusive_with":[],"gridable":true},{"__meta":{"schema_version":3,"schema_name":"ModelParameterSchemaV3","schema_type":"Iced"},"name":"keep_cross_validation_predictions","label":"keep_cross_validation_predictions","help":"Whether to keep the predictions of the cross-validation models.","required":false,"type":"boolean","default_value":false,"actual_value":false,"level":"expert","values":[],"is_member_of_frames":[],"is_mutually_exclusive_with":[],"gridable":false},{"__meta":{"schema_version":3,"schema_name":"ModelParameterSchemaV3","schema_type":"Iced"},"name":"keep_cross_validation_fold_assignment","label":"keep_cross_validation_fold_assignment","help":"Whether to keep the cross-validation fold assignment.","required":false,"type":"boolean","default_value":false,"actual_value":false,"level":"expert","values":[],"is_member_of_frames":[],"is_mutually_exclusive_with":[],"gridable":false},{"__meta":{"schema_version":3,"schema_name":"ModelParameterSchemaV3","schema_type":"Iced"},"name":"fold_assignment","label":"fold_assignment","help":"Cross-validation fold assignment scheme, if fold_column is not specified. The 'Stratified' option will stratify the folds based on the response variable, for classification problems.","required":false,"type":"enum","default_value":"AUTO","actual_value":"AUTO","level":"secondary","values":["AUTO","Random","Modulo","Stratified"],"is_member_of_frames":[],"is_mutually_exclusive_with":[],"gridable":true},{"__meta":{"schema_version":3,"schema_name":"ModelParameterSchemaV3","schema_type":"Iced"},"name":"fold_column","label":"fold_column","help":"Column with cross-validation fold index assignment per observation.","required":false,"type":"VecSpecifier","default_value":null,"actual_value":null,"level":"secondary","values":[],"is_member_of_frames":["training_frame"],"is_mutually_exclusive_with":["response_column","weights_column","ignored_columns","offset_column"],"gridable":true},{"__meta":{"schema_version":3,"schema_name":"ModelParameterSchemaV3","schema_type":"Iced"},"name":"response_column","label":"response_column","help":"Response variable column.","required":false,"type":"VecSpecifier","default_value":null,"actual_value":{"__meta":{"schema_version":3,"schema_name":"ColSpecifierV3","schema_type":"VecSpecifier"},"column_name":"C5","is_member_of_frames":null},"level":"critical","values":[],"is_member_of_frames":["training_frame","validation_frame"],"is_mutually_exclusive_with":["weights_column","ignored_columns","offset_column","fold_column"],"gridable":true},{"__meta":{"schema_version":3,"schema_name":"ModelParameterSchemaV3","schema_type":"Iced"},"name":"ignored_columns","label":"ignored_columns","help":"Names of columns to ignore for training.","required":false,"type":"string[]","default_value":null,"actual_value":null,"level":"critical","values":[],"is_member_of_frames":["training_frame","validation_frame"],"is_mutually_exclusive_with":["response_column","weights_column","offset_column","fold_column"],"gridable":false},{"__meta":{"schema_version":3,"schema_name":"ModelParameterSchemaV3","schema_type":"Iced"},"name":"ignore_const_cols","label":"ignore_const_cols","help":"Ignore constant columns.","required":false,"type":"boolean","default_value":true,"actual_value":true,"level":"critical","values":[],"is_member_of_frames":[],"is_mutually_exclusive_with":[],"gridable":false},{"__meta":{"schema_version":3,"schema_name":"ModelParameterSchemaV3","schema_type":"Iced"},"name":"score_each_iteration","label":"score_each_iteration","help":"Whether to score during each iteration of model training.","required":false,"type":"boolean","default_value":false,"actual_value":false,"level":"secondary","values":[],"is_member_of_frames":[],"is_mutually_exclusive_with":[],"gridable":false},{"__meta":{"schema_version":3,"schema_name":"ModelParameterSchemaV3","schema_type":"Iced"},"name":"offset_column","label":"offset_column","help":"Offset column. This will be added to the combination of columns before applying the link function.","required":false,"type":"VecSpecifier","default_value":null,"actual_value":null,"level":"secondary","values":[],"is_member_of_frames":["training_frame","validation_frame"],"is_mutually_exclusive_with":["response_column","weights_column","ignored_columns","fold_column"],"gridable":true},{"__meta":{"schema_version":3,"schema_name":"ModelParameterSchemaV3","schema_type":"Iced"},"name":"weights_column","label":"weights_column","help":"Column with observation weights. Giving some observation a weight of zero is equivalent to excluding it from the dataset; giving an observation a relative weight of 2 is equivalent to repeating that row twice. Negative weights are not allowed. Note: Weights are per-row observation weights and do not increase the size of the data frame. This is typically the number of times a row is repeated, but non-integer values are supported as well. During training, rows with higher weights matter more, due to the larger loss function pre-factor.","required":false,"type":"VecSpecifier","default_value":null,"actual_value":null,"level":"secondary","values":[],"is_member_of_frames":["training_frame","validation_frame"],"is_mutually_exclusive_with":["response_column","ignored_columns","offset_column","fold_column"],"gridable":true},{"__meta":{"schema_version":3,"schema_name":"ModelParameterSchemaV3","schema_type":"Iced"},"name":"family","label":"family","help":"Family. Use binomial for classification with logistic regression, others are for regression problems.","required":false,"type":"enum","default_value":"gaussian","actual_value":"multinomial","level":"critical","values":["gaussian","binomial","quasibinomial","multinomial","poisson","gamma","tweedie"],"is_member_of_frames":[],"is_mutually_exclusive_with":[],"gridable":false},{"__meta":{"schema_version":3,"schema_name":"ModelParameterSchemaV3","schema_type":"Iced"},"name":"tweedie_variance_power","label":"tweedie_variance_power","help":"Tweedie variance power","required":false,"type":"double","default_value":0.0,"actual_value":0.0,"level":"critical","values":[],"is_member_of_frames":[],"is_mutually_exclusive_with":[],"gridable":true},{"__meta":{"schema_version":3,"schema_name":"ModelParameterSchemaV3","schema_type":"Iced"},"name":"tweedie_link_power","label":"tweedie_link_power","help":"Tweedie link power","required":false,"type":"double","default_value":1.0,"actual_value":1.0,"level":"critical","values":[],"is_member_of_frames":[],"is_mutually_exclusive_with":[],"gridable":true},{"__meta":{"schema_version":3,"schema_name":"ModelParameterSchemaV3","schema_type":"Iced"},"name":"solver","label":"solver","help":"AUTO will set the solver based on given data and the other parameters. IRLSM is fast on on problems with small number of predictors and for lambda-search with L1 penalty, L_BFGS scales better for datasets with many columns. Coordinate descent is experimental (beta).","required":false,"type":"enum","default_value":"AUTO","actual_value":"IRLSM","level":"critical","values":["AUTO","IRLSM","L_BFGS","COORDINATE_DESCENT_NAIVE","COORDINATE_DESCENT"],"is_member_of_frames":[],"is_mutually_exclusive_with":[],"gridable":false},{"__meta":{"schema_version":3,"schema_name":"ModelParameterSchemaV3","schema_type":"Iced"},"name":"alpha","label":"alpha","help":"Distribution of regularization between the L1 (Lasso) and L2 (Ridge) penalties. A value of 1 for alpha represents Lasso regression, a value of 0 produces Ridge regression, and anything in between specifies the amount of mixing between the two. Default value of alpha is 0 when SOLVER = 'L-BFGS'; 0.5 otherwise.","required":false,"type":"double[]","default_value":null,"actual_value":[0.5],"level":"critical","values":[],"is_member_of_frames":[],"is_mutually_exclusive_with":[],"gridable":true},{"__meta":{"schema_version":3,"schema_name":"ModelParameterSchemaV3","schema_type":"Iced"},"name":"lambda","label":"lambda","help":"Regularization strength","required":false,"type":"double[]","default_value":null,"actual_value":[8.228197215655451E-4],"level":"critical","values":[],"is_member_of_frames":[],"is_mutually_exclusive_with":[],"gridable":true},{"__meta":{"schema_version":3,"schema_name":"ModelParameterSchemaV3","schema_type":"Iced"},"name":"lambda_search","label":"lambda_search","help":"Use lambda search starting at lambda max, given lambda is then interpreted as lambda min","required":false,"type":"boolean","default_value":false,"actual_value":false,"level":"critical","values":[],"is_member_of_frames":[],"is_mutually_exclusive_with":[],"gridable":false},{"__meta":{"schema_version":3,"schema_name":"ModelParameterSchemaV3","schema_type":"Iced"},"name":"early_stopping","label":"early_stopping","help":"Stop early when there is no more relative improvement on train or validation (if provided)","required":false,"type":"boolean","default_value":true,"actual_value":true,"level":"critical","values":[],"is_member_of_frames":[],"is_mutually_exclusive_with":[],"gridable":false},{"__meta":{"schema_version":3,"schema_name":"ModelParameterSchemaV3","schema_type":"Iced"},"name":"nlambdas","label":"nlambdas","help":"Number of lambdas to be used in a search. Default indicates: If alpha is zero, with lambda search set to True, the value of nlamdas is set to 30 (fewer lambdas are needed for ridge regression) otherwise it is set to 100.","required":false,"type":"int","default_value":-1,"actual_value":-1,"level":"critical","values":[],"is_member_of_frames":[],"is_mutually_exclusive_with":[],"gridable":false},{"__meta":{"schema_version":3,"schema_name":"ModelParameterSchemaV3","schema_type":"Iced"},"name":"standardize","label":"standardize","help":"Standardize numeric columns to have zero mean and unit variance","required":false,"type":"boolean","default_value":true,"actual_value":true,"level":"critical","values":[],"is_member_of_frames":[],"is_mutually_exclusive_with":[],"gridable":false},{"__meta":{"schema_version":3,"schema_name":"ModelParameterSchemaV3","schema_type":"Iced"},"name":"missing_values_handling","label":"missing_values_handling","help":"Handling of missing values. Either MeanImputation or Skip.","required":false,"type":"enum","default_value":"MeanImputation","actual_value":"MeanImputation","level":"expert","values":["MeanImputation","Skip"],"is_member_of_frames":[],"is_mutually_exclusive_with":[],"gridable":true},{"__meta":{"schema_version":3,"schema_name":"ModelParameterSchemaV3","schema_type":"Iced"},"name":"compute_p_values","label":"compute_p_values","help":"Request p-values computation, p-values work only with IRLSM solver and no regularization","required":false,"type":"boolean","default_value":false,"actual_value":false,"level":"secondary","values":[],"is_member_of_frames":[],"is_mutually_exclusive_with":[],"gridable":false},{"__meta":{"schema_version":3,"schema_name":"ModelParameterSchemaV3","schema_type":"Iced"},"name":"remove_collinear_columns","label":"remove_collinear_columns","help":"In case of linearly dependent columns, remove some of the dependent columns","required":false,"type":"boolean","default_value":false,"actual_value":false,"level":"secondary","values":[],"is_member_of_frames":[],"is_mutually_exclusive_with":[],"gridable":false},{"__meta":{"schema_version":3,"schema_name":"ModelParameterSchemaV3","schema_type":"Iced"},"name":"intercept","label":"intercept","help":"Include constant term in the model","required":false,"type":"boolean","default_value":true,"actual_value":true,"level":"expert","values":[],"is_member_of_frames":[],"is_mutually_exclusive_with":[],"gridable":false},{"__meta":{"schema_version":3,"schema_name":"ModelParameterSchemaV3","schema_type":"Iced"},"name":"non_negative","label":"non_negative","help":"Restrict coefficients (not intercept) to be non-negative","required":false,"type":"boolean","default_value":false,"actual_value":false,"level":"critical","values":[],"is_member_of_frames":[],"is_mutually_exclusive_with":[],"gridable":false},{"__meta":{"schema_version":3,"schema_name":"ModelParameterSchemaV3","schema_type":"Iced"},"name":"max_iterations","label":"max_iterations","help":"Maximum number of iterations","required":false,"type":"int","default_value":-1,"actual_value":50,"level":"secondary","values":[],"is_member_of_frames":[],"is_mutually_exclusive_with":[],"gridable":false},{"__meta":{"schema_version":3,"schema_name":"ModelParameterSchemaV3","schema_type":"Iced"},"name":"objective_epsilon","label":"objective_epsilon","help":"Converge if  objective value changes less than this. Default indicates: If lambda_search is set to True the value of objective_epsilon is set to .0001. If the lambda_search is set to False and lambda is equal to zero, the value of objective_epsilon is set to .000001, for any other value of lambda the default value of objective_epsilon is set to .0001.","required":false,"type":"double","default_value":-1.0,"actual_value":1.0E-4,"level":"expert","values":[],"is_member_of_frames":[],"is_mutually_exclusive_with":[],"gridable":false},{"__meta":{"schema_version":3,"schema_name":"ModelParameterSchemaV3","schema_type":"Iced"},"name":"beta_epsilon","label":"beta_epsilon","help":"Converge if  beta changes less (using L-infinity norm) than beta esilon, ONLY applies to IRLSM solver ","required":false,"type":"double","default_value":1.0E-4,"actual_value":1.0E-4,"level":"expert","values":[],"is_member_of_frames":[],"is_mutually_exclusive_with":[],"gridable":false},{"__meta":{"schema_version":3,"schema_name":"ModelParameterSchemaV3","schema_type":"Iced"},"name":"gradient_epsilon","label":"gradient_epsilon","help":"Converge if  objective changes less (using L-infinity norm) than this, ONLY applies to L-BFGS solver. Default indicates: If lambda_search is set to False and lambda is equal to zero, the default value of gradient_epsilon is equal to .000001, otherwise the default value is .0001. If lambda_search is set to True, the conditional values above are 1E-8 and 1E-6 respectively.","required":false,"type":"double","default_value":-1.0,"actual_value":1.0E-4,"level":"expert","values":[],"is_member_of_frames":[],"is_mutually_exclusive_with":[],"gridable":false},{"__meta":{"schema_version":3,"schema_name":"ModelParameterSchemaV3","schema_type":"Iced"},"name":"link","label":"link","help":"","required":false,"type":"enum","default_value":"family_default","actual_value":"multinomial","level":"secondary","values":["family_default","identity","logit","log","inverse","tweedie"],"is_member_of_frames":[],"is_mutually_exclusive_with":[],"gridable":false},{"__meta":{"schema_version":3,"schema_name":"ModelParameterSchemaV3","schema_type":"Iced"},"name":"prior","label":"prior","help":"Prior probability for y==1. To be used only for logistic regression iff the data has been sampled and the mean of response does not reflect reality.","required":false,"type":"double","default_value":-1.0,"actual_value":-1.0,"level":"expert","values":[],"is_member_of_frames":[],"is_mutually_exclusive_with":[],"gridable":false},{"__meta":{"schema_version":3,"schema_name":"ModelParameterSchemaV3","schema_type":"Iced"},"name":"lambda_min_ratio","label":"lambda_min_ratio","help":"Minimum lambda used in lambda search, specified as a ratio of lambda_max (the smallest lambda that drives all coefficients to zero). Default indicates: if the number of observations is greater than the number of variables, then lambda_min_ratio is set to 0.0001; if the number of observations is less than the number of variables, then lambda_min_ratio is set to 0.01.","required":false,"type":"double","default_value":-1.0,"actual_value":1.0E-4,"level":"expert","values":[],"is_member_of_frames":[],"is_mutually_exclusive_with":[],"gridable":false},{"__meta":{"schema_version":3,"schema_name":"ModelParameterSchemaV3","schema_type":"Iced"},"name":"beta_constraints","label":"beta_constraints","help":"Beta constraints","required":false,"type":"Key<Frame>","default_value":null,"actual_value":null,"level":"critical","values":[],"is_member_of_frames":[],"is_mutually_exclusive_with":[],"gridable":false},{"__meta":{"schema_version":3,"schema_name":"ModelParameterSchemaV3","schema_type":"Iced"},"name":"max_active_predictors","label":"max_active_predictors","help":"Maximum number of active predictors during computation. Use as a stopping criterion to prevent expensive model building with many predictors. Default indicates: If the IRLSM solver is used, the value of max_active_predictors is set to 5000 otherwise it is set to 100000000.","required":false,"type":"int","default_value":-1,"actual_value":5000,"level":"expert","values":[],"is_member_of_frames":[],"is_mutually_exclusive_with":[],"gridable":false},{"__meta":{"schema_version":3,"schema_name":"ModelParameterSchemaV3","schema_type":"Iced"},"name":"interactions","label":"interactions","help":"A list of predictor column indices to interact. All pairwise combinations will be computed for the list.","required":false,"type":"string[]","default_value":null,"actual_value":null,"level":"expert","values":[],"is_member_of_frames":[],"is_mutually_exclusive_with":[],"gridable":false},{"__meta":{"schema_version":3,"schema_name":"ModelParameterSchemaV3","schema_type":"Iced"},"name":"balance_classes","label":"balance_classes","help":"Balance training data class counts via over/under-sampling (for imbalanced data).","required":false,"type":"boolean","default_value":false,"actual_value":false,"level":"secondary","values":[],"is_member_of_frames":[],"is_mutually_exclusive_with":[],"gridable":false},{"__meta":{"schema_version":3,"schema_name":"ModelParameterSchemaV3","schema_type":"Iced"},"name":"class_sampling_factors","label":"class_sampling_factors","help":"Desired over/under-sampling ratios per class (in lexicographic order). If not specified, sampling factors will be automatically computed to obtain class balance during training. Requires balance_classes.","required":false,"type":"float[]","default_value":null,"actual_value":null,"level":"expert","values":[],"is_member_of_frames":[],"is_mutually_exclusive_with":[],"gridable":false},{"__meta":{"schema_version":3,"schema_name":"ModelParameterSchemaV3","schema_type":"Iced"},"name":"max_after_balance_size","label":"max_after_balance_size","help":"Maximum relative size of the training data after balancing class counts (can be less than 1.0). Requires balance_classes.","required":false,"type":"float","default_value":5.0,"actual_value":5.0,"level":"expert","values":[],"is_member_of_frames":[],"is_mutually_exclusive_with":[],"gridable":false},{"__meta":{"schema_version":3,"schema_name":"ModelParameterSchemaV3","schema_type":"Iced"},"name":"max_confusion_matrix_size","label":"max_confusion_matrix_size","help":"[Deprecated] Maximum size (# classes) for confusion matrices to be printed in the Logs","required":false,"type":"int","default_value":20,"actual_value":20,"level":"secondary","values":[],"is_member_of_frames":[],"is_mutually_exclusive_with":[],"gridable":false},{"__meta":{"schema_version":3,"schema_name":"ModelParameterSchemaV3","schema_type":"Iced"},"name":"max_hit_ratio_k","label":"max_hit_ratio_k","help":"Maximum number (top K) of predictions to use for hit ratio computation (for multi-class only, 0 to disable)","required":false,"type":"int","default_value":0,"actual_value":0,"level":"secondary","values":[],"is_member_of_frames":[],"is_mutually_exclusive_with":[],"gridable":false},{"__meta":{"schema_version":3,"schema_name":"ModelParameterSchemaV3","schema_type":"Iced"},"name":"max_runtime_secs","label":"max_runtime_secs","help":"Maximum allowed runtime in seconds for model training. Use 0 to disable.","required":false,"type":"double","default_value":0.0,"actual_value":0.0,"level":"secondary","values":[],"is_member_of_frames":[],"is_mutually_exclusive_with":[],"gridable":true},{"__meta":{"schema_version":3,"schema_name":"ModelParameterSchemaV3","schema_type":"Iced"},"name":"custom_metric_func","label":"custom_metric_func","help":"Reference to custom evaluation function, format: `language:keyName=funcName`","required":false,"type":"string","default_value":null,"actual_value":null,"level":"secondary","values":[],"is_member_of_frames":[],"is_mutually_exclusive_with":[],"gridable":false}],"output":{"__meta":{"schema_version":3,"schema_name":"GLMModelOutputV3","schema_type":"GLMOutput"},"names":["C1","C2","C3","C4","C5"],"domains":[null,null,null,null,["Iris-setosa","Iris-versicolor","Iris-virginica"]],"cross_validation_models":null,"cross_validation_predictions":null,"cross_validation_holdout_predictions_frame_id":null,"cross_validation_fold_assignment_frame_id":null,"model_category":"Multinomial","model_summary":{"__meta":{"schema_version":3,"schema_name":"TwoDimTableV3","schema_type":"TwoDimTable"},"name":"GLM Model","description":"summary","columns":[{"__meta":{"schema_version":-1,"schema_name":"ColumnSpecsBase","schema_type":"Iced"},"name":"","type":"string","format":"%s","description":""},{"__meta":{"schema_version":-1,"schema_name":"ColumnSpecsBase","schema_type":"Iced"},"name":"family","type":"string","format":"%s","description":"Family"},{"__meta":{"schema_version":-1,"schema_name":"ColumnSpecsBase","schema_type":"Iced"},"name":"link","type":"string","format":"%s","description":"Link"},{"__meta":{"schema_version":-1,"schema_name":"ColumnSpecsBase","schema_type":"Iced"},"name":"regularization","type":"string","format":"%s","description":"Regularization"},{"__meta":{"schema_version":-1,"schema_name":"ColumnSpecsBase","schema_type":"Iced"},"name":"number_of_predictors_total","type":"int","format":"%d","description":"Number of Predictors Total"},{"__meta":{"schema_version":-1,"schema_name":"ColumnSpecsBase","schema_type":"Iced"},"name":"number_of_active_predictors","type":"int","format":"%d","description":"Number of Active Predictors"},{"__meta":{"schema_version":-1,"schema_name":"ColumnSpecsBase","schema_type":"Iced"},"name":"number_of_iterations","type":"int","format":"%d","description":"Number of Iterations"},{"__meta":{"schema_version":-1,"schema_name":"ColumnSpecsBase","schema_type":"Iced"},"name":"training_frame","type":"string","format":"%s","description":"Training Frame"}],"rowcount":1,"data":[[""],["multinomial"],["multinomial"],["Elastic Net (alpha = 0.5, lambda = 8.228E-4 )"],[15],["11"],[25],["py_3_sid_812d"]]},"scoring_history":{"__meta":{"schema_version":3,"schema_name":"TwoDimTableV3","schema_type":"TwoDimTable"},"name":"Scoring History","description":"","columns":[{"__meta":{"schema_version":-1,"schema_name":"ColumnSpecsBase","schema_type":"Iced"},"name":"","type":"string","format":"%s","description":""},{"__meta":{"schema_version":-1,"schema_name":"ColumnSpecsBase","schema_type":"Iced"},"name":"timestamp","type":"string","format":"%s","description":"timestamp"},{"__meta":{"schema_version":-1,"schema_name":"ColumnSpecsBase","schema_type":"Iced"},"name":"duration","type":"string","format":"%s","description":"duration"},{"__meta":{"schema_version":-1,"schema_name":"ColumnSpecsBase","schema_type":"Iced"},"name":"iterations","type":"int","format":"%d","description":"iterations"},{"__meta":{"schema_version":-1,"schema_name":"ColumnSpecsBase","schema_type":"Iced"},"name":"negative_log_likelihood","type":"double","format":"%.5f","description":"negative_log_likelihood"},{"__meta":{"schema_version":-1,"schema_name":"ColumnSpecsBase","schema_type":"Iced"},"name":"objective","type":"double","format":"%.5f","description":"objective"}],"rowcount":26,"data":[["","","","","","","","","","","","","","","","","","","","","","","","","",""],["2019-02-14 16:50:46","2019-02-14 16:50:47","2019-02-14 16:50:47","2019-02-14 16:50:47","2019-02-14 16:50:47","2019-02-14 16:50:47","2019-02-14 16:50:47","2019-02-14 16:50:47","2019-02-14 16:50:47","2019-02-14 16:50:47","2019-02-14 16:50:47","2019-02-14 16:50:47","2019-02-14 16:50:47","2019-02-14 16:50:47","2019-02-14 16:50:47","2019-02-14 16:50:47","2019-02-14 16:50:47","2019-02-14 16:50:47","2019-02-14 16:50:47","2019-02-14 16:50:47","2019-02-14 16:50:47","2019-02-14 16:50:47","2019-02-14 16:50:48","2019-02-14 16:50:48","2019-02-14 16:50:48","2019-02-14 16:50:48"],[" 0.000 sec"," 0.109 sec"," 0.136 sec"," 0.160 sec"," 0.188 sec"," 0.213 sec"," 0.237 sec"," 0.255 sec"," 0.281 sec"," 0.309 sec"," 0.329 sec"," 0.349 sec"," 0.370 sec"," 0.389 sec"," 0.407 sec"," 0.425 sec"," 0.574 sec"," 0.608 sec"," 0.696 sec"," 0.765 sec"," 0.855 sec"," 1.009 sec"," 1.171 sec"," 1.217 sec"," 1.260 sec"," 1.289 sec"],[0,1,2,3,4,5,6,7,8,9,10,11,12,13,14,15,16,17,18,19,20,21,22,23,24,25],[120.01315016238861,41.096606253081205,19.982808700760934,11.148866785314215,7.651547622010987,6.401522470162854,6.08195241798543,5.96913497126561,5.869487335961518,5.904976770610655,5.852036601993412,5.854167180163618,5.822082639169247,5.838574969884714,5.814449039238776,5.847119829238681,5.824011796564671,5.8342986386621405,5.817878285167353,5.824941249542311,5.811493430174159,5.8172257765768345,5.807207280078748,5.808303660902453,5.799864586736685,5.793501699760021],[1.0910286378398963,0.3774409211642869,0.1912304852031554,0.11883875541715569,0.09507171587206975,0.08913697337746168,0.087544030810532,0.08712275137978108,0.08684127625982746,0.08671249020508023,0.08657425062710719,0.0864931848688815,0.08641831448418039,0.08636208665517323,0.0863106362094206,0.08627468224758655,0.08623370263043449,0.08620640729545367,0.08617934815231595,0.08615952376817651,0.08613980084651518,0.08612635402052511,0.08611154549938917,0.0860997992079404,0.08608581281363395,0.08608300218056587]]},"training_metrics":{"__meta":{"schema_version":3,"schema_name":"ModelMetricsMultinomialGLMV3","schema_type":"ModelMetricsMultinomialGLM"},"model":{"__meta":{"schema_version":3,"schema_name":"ModelKeyV3","schema_type":"Key<Model>"},"name":"GLM_model_python_1550180903174_1","type":"Key<Model>","URL":"/3/Models/GLM_model_python_1550180903174_1"},"model_checksum":8896890995166701158,"frame":{"__meta":{"schema_version":3,"schema_name":"FrameKeyV3","schema_type":"Key<Frame>"},"name":"py_3_sid_812d","type":"Key<Frame>","URL":"/3/Frames/py_3_sid_812d"},"frame_checksum":1696734531954636251,"description":null,"model_category":"Multinomial","scoring_time":1550181048266,"predictions":null,"MSE":0.0129632109914197,"RMSE":0.11385609773490263,"nobs":110,"custom_metric_name":null,"custom_metric_value":0.0,"r2":0.9801675492481757,"hit_ratio_table":{"__meta":{"schema_version":3,"schema_name":"TwoDimTableV3","schema_type":"TwoDimTable"},"name":"Top-3 Hit Ratios","description":"","columns":[{"__meta":{"schema_version":-1,"schema_name":"ColumnSpecsBase","schema_type":"Iced"},"name":"k","type":"string","format":"%s","description":"K"},{"__meta":{"schema_version":-1,"schema_name":"ColumnSpecsBase","schema_type":"Iced"},"name":"hit_ratio","type":"float","format":"%f","description":"Hit Ratio"}],"rowcount":3,"data":[["1","2","3"],[0.9818182,1.0,1.0]]},"cm":{"__meta":{"schema_version":3,"schema_name":"ConfusionMatrixV3","schema_type":"ConfusionMatrix"},"table":{"__meta":{"schema_version":3,"schema_name":"TwoDimTableV3","schema_type":"TwoDimTable"},"name":"Confusion Matrix","description":"Row labels: Actual class; Column labels: Predicted class","columns":[{"__meta":{"schema_version":-1,"schema_name":"ColumnSpecsBase","schema_type":"Iced"},"name":"Iris-setosa","type":"long","format":"%d","description":"Iris-setosa"},{"__meta":{"schema_version":-1,"schema_name":"ColumnSpecsBase","schema_type":"Iced"},"name":"Iris-versicolor","type":"long","format":"%d","description":"Iris-versicolor"},{"__meta":{"schema_version":-1,"schema_name":"ColumnSpecsBase","schema_type":"Iced"},"name":"Iris-virginica","type":"long","format":"%d","description":"Iris-virginica"},{"__meta":{"schema_version":-1,"schema_name":"ColumnSpecsBase","schema_type":"Iced"},"name":"Error","type":"double","format":"%.4f","description":"Error"},{"__meta":{"schema_version":-1,"schema_name":"ColumnSpecsBase","schema_type":"Iced"},"name":"Rate","type":"string","format":"= %7s","description":"Rate"}],"rowcount":4,"data":[[31,0,0,31],[0,36,1,37],[0,1,41,42],[0.0,0.02702702702702703,0.023809523809523808,0.01818181818181818],["0 / 31","1 / 37","1 / 42","2 / 110"]]}},"logloss":0.052668197270545634,"mean_per_class_error":0.016945516945516947,"residual_deviance":11.58700339952004,"null_deviance":240.02630032477722,"AIC":"NaN","null_degrees_of_freedom":109,"residual_degrees_of_freedom":96},"validation_metrics":{"__meta":{"schema_version":3,"schema_name":"ModelMetricsMultinomialGLMV3","schema_type":"ModelMetricsMultinomialGLM"},"model":{"__meta":{"schema_version":3,"schema_name":"ModelKeyV3","schema_type":"Key<Model>"},"name":"GLM_model_python_1550180903174_1","type":"Key<Model>","URL":"/3/Models/GLM_model_python_1550180903174_1"},"model_checksum":8896890995166701158,"frame":{"__meta":{"schema_version":3,"schema_name":"FrameKeyV3","schema_type":"Key<Frame>"},"name":"py_4_sid_812d","type":"Key<Frame>","URL":"/3/Frames/py_4_sid_812d"},"frame_checksum":2612425690469003948,"description":null,"model_category":"Multinomial","scoring_time":1550181048302,"predictions":null,"MSE":2.4706397867187114E-4,"RMSE":0.01571826894641618,"nobs":16,"custom_metric_name":null,"custom_metric_value":0.0,"r2":0.9996635724545745,"hit_ratio_table":{"__meta":{"schema_version":3,"schema_name":"TwoDimTableV3","schema_type":"TwoDimTable"},"name":"Top-3 Hit Ratios","description":"","columns":[{"__meta":{"schema_version":-1,"schema_name":"ColumnSpecsBase","schema_type":"Iced"},"name":"k","type":"string","format":"%s","description":"K"},{"__meta":{"schema_version":-1,"schema_name":"ColumnSpecsBase","schema_type":"Iced"},"name":"hit_ratio","type":"float","format":"%f","description":"Hit Ratio"}],"rowcount":3,"data":[["1","2","3"],[1.0,1.0,1.0]]},"cm":{"__meta":{"schema_version":3,"schema_name":"ConfusionMatrixV3","schema_type":"ConfusionMatrix"},"table":{"__meta":{"schema_version":3,"schema_name":"TwoDimTableV3","schema_type":"TwoDimTable"},"name":"Confusion Matrix","description":"Row labels: Actual class; Column labels: Predicted class","columns":[{"__meta":{"schema_version":-1,"schema_name":"ColumnSpecsBase","schema_type":"Iced"},"name":"Iris-setosa","type":"long","format":"%d","description":"Iris-setosa"},{"__meta":{"schema_version":-1,"schema_name":"ColumnSpecsBase","schema_type":"Iced"},"name":"Iris-versicolor","type":"long","format":"%d","description":"Iris-versicolor"},{"__meta":{"schema_version":-1,"schema_name":"ColumnSpecsBase","schema_type":"Iced"},"name":"Iris-virginica","type":"long","format":"%d","description":"Iris-virginica"},{"__meta":{"schema_version":-1,"schema_name":"ColumnSpecsBase","schema_type":"Iced"},"name":"Error","type":"double","format":"%.4f","description":"Error"},{"__meta":{"schema_version":-1,"schema_name":"ColumnSpecsBase","schema_type":"Iced"},"name":"Rate","type":"string","format":"= %6s","description":"Rate"}],"rowcount":4,"data":[[7,0,0,7],[0,4,0,4],[0,0,5,5],[0.0,0.0,0.0,0.0],["0 / 7","0 / 4","0 / 5","0 / 16"]]}},"logloss":0.008271596186766794,"mean_per_class_error":0.0,"residual_deviance":0.2646910779765374,"null_deviance":36.0755113585778,"AIC":"NaN","null_degrees_of_freedom":15,"residual_degrees_of_freedom":2},"cross_validation_metrics":null,"cross_validation_metrics_summary":null,"status":null,"start_time":1550181046811,"end_time":1550181048326,"run_time":1515,"help":{"cross_validation_predictions":"Cross-validation predictions, one per cv model (deprecated, use cross_validation_holdout_predictions_frame_id instead)", "cross_validation_holdout_predictions_frame_id":"Cross-validation holdout predictions (full out-of-sample predictions on training data)", "validation_metrics":"Validation data model metrics", "cross_validation_metrics_summary":"Cross-validation model metrics summary", "run_time":"Runtime in milliseconds", "status":"Job status", "domains":"Domains for categorical columns", "model_category":"Category of the model (e.g., Binomial)", "__meta":"Metadata on this schema instance, to make it self-describing.", "standardized_coefficient_magnitudes":"Standardized Coefficient Magnitudes", "model_summary":"Model summary", "scoring_history":"Scoring history", "help":"Help information for output fields", "end_time":"End time in milliseconds", "names":"Column names", "cross_validation_fold_assignment_frame_id":"Cross-validation fold assignment (each row is assigned to one holdout fold)", "start_time":"Start time in milliseconds", "training_metrics":"Training data model metrics", "cross_validation_models":"Cross-validation models (model ids)", "cross_validation_metrics":"Cross-validation model metrics", "coefficients_table":"Table of Coefficients", "lambda_best":"Lambda minimizing the objective value, only applicable with lambd search", "lambda_1se":"Lambda best + 1 standard error. Only applicable with lambda search and cross-validation"},"coefficients_table":{"__meta":{"schema_version":3,"schema_name":"TwoDimTableV3","schema_type":"TwoDimTable"},"name":"Coefficients","description":"glm multinomial coefficients","columns":[{"__meta":{"schema_version":-1,"schema_name":"ColumnSpecsBase","schema_type":"Iced"},"name":"names","type":"string","format":"%s","description":"names"},{"__meta":{"schema_version":-1,"schema_name":"ColumnSpecsBase","schema_type":"Iced"},"name":"coefs_class_0","type":"double","format":"%5f","description":"Coefs_class_0"},{"__meta":{"schema_version":-1,"schema_name":"ColumnSpecsBase","schema_type":"Iced"},"name":"coefs_class_1","type":"double","format":"%5f","description":"Coefs_class_1"},{"__meta":{"schema_version":-1,"schema_name":"ColumnSpecsBase","schema_type":"Iced"},"name":"coefs_class_2","type":"double","format":"%5f","description":"Coefs_class_2"},{"__meta":{"schema_version":-1,"schema_name":"ColumnSpecsBase","schema_type":"Iced"},"name":"std_coefs_class_0","type":"double","format":"%5f","description":"Std_Coefs_class_0"},{"__meta":{"schema_version":-1,"schema_name":"ColumnSpecsBase","schema_type":"Iced"},"name":"std_coefs_class_1","type":"double","format":"%5f","description":"Std_Coefs_class_1"},{"__meta":{"schema_version":-1,"schema_name":"ColumnSpecsBase","schema_type":"Iced"},"name":"std_coefs_class_2","type":"double","format":"%5f","description":"Std_Coefs_class_2"}],"rowcount":5,"data":[["Intercept","C1","C2","C3","C4"],[5.231215014401648,-1.4700470387418372,4.260677315227667,-2.2857562764898662,-4.312931422791615],[-4.3198171547597095,1.7769023115830156,-0.25341458235504744,-0.9887536067536479,-1.270613523587796],[-22.70229163702822,0.0,-3.024835247270217,3.862240528381066,7.018262604176227],[-5.138037853355805,-1.1690135480370771,1.7799721224866536,-3.8801375425194755,-3.227031238981628],[-0.1380153579641593,1.41303157044333,-0.10586835346846254,-1.6784379110435645,-0.9507013052937313],[-7.564286332361973,0.0,-1.2636775838463872,6.556265261764915,5.251220213558104]]},"standardized_coefficient_magnitudes":{"__meta":{"schema_version":3,"schema_name":"TwoDimTableV3","schema_type":"TwoDimTable"},"name":"Standardized Coefficient Magnitudes","description":"standardized coefficient magnitudes","columns":[{"__meta":{"schema_version":-1,"schema_name":"ColumnSpecsBase","schema_type":"Iced"},"name":"names","type":"string","format":"%s","description":"names"},{"__meta":{"schema_version":-1,"schema_name":"ColumnSpecsBase","schema_type":"Iced"},"name":"coefficients","type":"double","format":"%5f","description":"Coefficients"},{"__meta":{"schema_version":-1,"schema_name":"ColumnSpecsBase","schema_type":"Iced"},"name":"sign","type":"string","format":"%s","description":"Sign"}],"rowcount":5,"data":[["C3","C4","C2","C1",""],[12.114840715327954,9.428952757833464,3.1495180598015033,2.582045118480407,null],["POS","POS","POS","POS",null]]},"lambda_best":8.228197215655451E-4,"lambda_1se":-1.0},"compatible_frames":null}
